{"cameraMode":{"drawMode":0,"name":"Shaded","section":"Shading Mode"},"sceneLighting":true,"audioPlay":false,"sceneViewState":{"m_AlwaysRefresh":false,"showFog":true,"showSkybox":true,"showFlares":true,"showImageEffects":true,"showParticleSystems":true,"showVisualEffectGraphs":true,"m_FxEnabled":true},"in2DMode":false,"pivot":{"x":-53.059425354003909,"y":-3.9388484954833986,"z":21.794570922851564},"rotation":{"x":-0.14408259093761445,"y":0.7938846349716187,"z":-0.20675577223300935,"w":-0.553722620010376},"size":26.723661422729493,"orthographic":false}