{"cameraMode":{"drawMode":0,"name":"Shaded","section":"Shading Mode"},"sceneLighting":true,"audioPlay":false,"sceneViewState":{"m_AlwaysRefresh":false,"showFog":true,"showSkybox":true,"showFlares":true,"showImageEffects":true,"showParticleSystems":true,"showVisualEffectGraphs":true,"m_FxEnabled":true},"in2DMode":false,"pivot":{"x":-24.62932586669922,"y":-2.6116600036621095,"z":1.4290542602539063},"rotation":{"x":-0.09149843454360962,"y":0.8972130417823792,"z":-0.37165847420692446,"w":-0.22101759910583497},"size":12.195504188537598,"orthographic":false}