{"cameraMode":{"drawMode":0,"name":"Shaded","section":"Shading Mode"},"sceneLighting":false,"audioPlay":false,"sceneViewState":{"m_AlwaysRefresh":false,"showFog":true,"showSkybox":false,"showFlares":true,"showImageEffects":true,"showParticleSystems":true,"showVisualEffectGraphs":true,"m_FxEnabled":true},"in2DMode":false,"pivot":{"x":-2.8849594593048097,"y":0.026452653110027314,"z":-0.31821364164352419},"rotation":{"x":0.17135442793369294,"y":-0.01744046062231064,"z":0.0029855722095817329,"w":0.9851882457733154},"size":6.135253429412842,"orthographic":false}