{"cameraMode":{"drawMode":0,"name":"Shaded","section":"Shading Mode"},"sceneLighting":false,"audioPlay":false,"sceneViewState":{"m_AlwaysRefresh":false,"showFog":true,"showSkybox":false,"showFlares":true,"showImageEffects":true,"showParticleSystems":true,"showVisualEffectGraphs":true,"m_FxEnabled":true},"in2DMode":false,"pivot":{"x":-29.95209503173828,"y":25.01013946533203,"z":9.995092391967774},"rotation":{"x":0.0009343552519567311,"y":-0.9782454371452332,"z":0.20820681750774384,"w":0.005021858960390091},"size":5.339688777923584,"orthographic":false}