{"cameraMode":{"drawMode":0,"name":"Shaded","section":"Shading Mode"},"sceneLighting":false,"audioPlay":false,"sceneViewState":{"m_AlwaysRefresh":false,"showFog":true,"showSkybox":false,"showFlares":true,"showImageEffects":true,"showParticleSystems":true,"showVisualEffectGraphs":true,"m_FxEnabled":true},"in2DMode":false,"pivot":{"x":-2.4286227226257326,"y":14.248847961425782,"z":10.431561470031739},"rotation":{"x":0.008819426409900189,"y":-0.9868789911270142,"z":0.057506974786520007,"w":0.1512816846370697},"size":5.9343414306640629,"orthographic":false}